DELETE FROM ewf.ewf_comp_content;
DELETE FROM ewf.ewf_elem;
DELETE FROM ewf.ewf_page;
DELETE FROM ewf.ewf_comp;
DELETE FROM ewf.ewf_appl;
DELETE FROM ewf.ewf_log;
COMMIT;

INSERT INTO EWF_LOG (ID, NAME, QUERY_TYPE, QUERY_TEXT) VALUES (157, '1521061417425-3554818393168', 'INSERT', 'INSERT INTO ewf_log (name) VALUES (''???'')');
INSERT INTO EWF_LOG (ID, NAME, QUERY_TYPE, QUERY_TEXT) VALUES (159, '1521061434143-3571536248054', 'DELETE', 'DELETE FROM ewf_log WHERE id = 158');
INSERT INTO EWF_LOG (ID, NAME, QUERY_TYPE, QUERY_TEXT) VALUES (160, '1521061683767-3821160470509', 'INSERT', 'INSERT INTO ewf_comp (name) VALUES (''???'')');
INSERT INTO EWF_LOG (ID, NAME, QUERY_TYPE, QUERY_TEXT) VALUES (161, '1521061694931-3832324902167', 'UPDATE', 'UPDATE ewf_comp SET NAME = ''t1'' WHERE id = 29');
INSERT INTO EWF_LOG (ID, NAME, QUERY_TYPE, QUERY_TEXT) VALUES (162, '1521061730238-3867632173368', 'UPDATE', 'UPDATE ewf_comp SET CLASS_NAME_LAYOUT = ''com.vaadin.ui.VerticalLayout'' WHERE id = 29');
INSERT INTO EWF_LOG (ID, NAME, QUERY_TYPE, QUERY_TEXT) VALUES (163, '1521061739898-3877291999442', 'INSERT', 'INSERT INTO ewf_page (name) VALUES (''???'')');
INSERT INTO EWF_LOG (ID, NAME, QUERY_TYPE, QUERY_TEXT) VALUES (164, '1521061754671-3892065027240', 'UPDATE', 'UPDATE ewf_page SET NAME = ''t1'', DESCRIPTION = ''T1'', ID_ewf_comp = 29 WHERE id = 8');
INSERT INTO EWF_LOG (ID, NAME, QUERY_TYPE, QUERY_TEXT) VALUES (165, '1521061776973-3914366616927', 'INSERT', 'INSERT INTO ewf_elem (name) VALUES (''???'')');
INSERT INTO EWF_LOG (ID, NAME, QUERY_TYPE, QUERY_TEXT) VALUES (166, '1521061786988-3924381689089', 'UPDATE', 'UPDATE ewf_elem SET QUERY_TABLE = ''t1'' WHERE id = 16');
INSERT INTO EWF_LOG (ID, NAME, QUERY_TYPE, QUERY_TEXT) VALUES (167, '1521061800524-3937917458650', 'UPDATE', 'UPDATE ewf_elem SET NAME = ''t1'' WHERE id = 16');
INSERT INTO EWF_LOG (ID, NAME, QUERY_TYPE, QUERY_TEXT) VALUES (168, '1521061816083-3953476535959', 'UPDATE', 'UPDATE ewf_elem SET COMPONENT_CLASS_NAME = ''com.vaadin.ui.Grid'' WHERE id = 16');
INSERT INTO EWF_LOG (ID, NAME, QUERY_TYPE, QUERY_TEXT) VALUES (169, '1521061835414-3972807711480', 'UPDATE', 'UPDATE ewf_elem SET QUERY_SELECT = ''SELECT * FROM ewf.t1 order by id desc'' WHERE id = 16');
INSERT INTO EWF_LOG (ID, NAME, QUERY_TYPE, QUERY_TEXT) VALUES (170, '1521061908482-4045875349670', 'INSERT', 'INSERT INTO ewf_comp_content (name) VALUES (''???'')');
INSERT INTO EWF_LOG (ID, NAME, QUERY_TYPE, QUERY_TEXT) VALUES (171, '1521061923345-4060738779567', 'UPDATE', 'UPDATE ewf_comp_content SET NAME = ''t1-menu'' WHERE id = 35');
INSERT INTO EWF_LOG (ID, NAME, QUERY_TYPE, QUERY_TEXT) VALUES (172, '1521061927284-4064677734349', 'INSERT', 'INSERT INTO ewf_comp_content (name) VALUES (''???'')');
INSERT INTO EWF_LOG (ID, NAME, QUERY_TYPE, QUERY_TEXT) VALUES (173, '1521061934235-4071628462194', 'UPDATE', 'UPDATE ewf_comp_content SET NAME = ''t1-grid'' WHERE id = 36');
INSERT INTO EWF_LOG (ID, NAME, QUERY_TYPE, QUERY_TEXT) VALUES (174, '1521061939906-4077300182247', 'UPDATE', 'UPDATE ewf_comp_content SET ID_ewf_comp = 29 WHERE id = 35');
INSERT INTO EWF_LOG (ID, NAME, QUERY_TYPE, QUERY_TEXT) VALUES (175, '1521061951020-4088413495467', 'UPDATE', 'UPDATE ewf_comp_content SET ID_ewf_comp = 29 WHERE id = 36');
INSERT INTO EWF_LOG (ID, NAME, QUERY_TYPE, QUERY_TEXT) VALUES (176, '1521061964501-4101894831218', 'UPDATE', 'UPDATE ewf_comp_content SET ID_EWF_ELEM__2 = 1 WHERE id = 35');
INSERT INTO EWF_LOG (ID, NAME, QUERY_TYPE, QUERY_TEXT) VALUES (177, '1521061970086-4107479522478', 'UPDATE', 'UPDATE ewf_comp_content SET ORDINAL = 1 WHERE id = 35');
INSERT INTO EWF_LOG (ID, NAME, QUERY_TYPE, QUERY_TEXT) VALUES (178, '1521061976439-4113833204322', 'UPDATE', 'UPDATE ewf_comp_content SET ORDINAL = 2 WHERE id = 36');
INSERT INTO EWF_LOG (ID, NAME, QUERY_TYPE, QUERY_TEXT) VALUES (179, '1521061989873-4127266344753', 'UPDATE', 'UPDATE ewf_comp_content SET ID_EWF_ELEM__2 = 16 WHERE id = 36');
INSERT INTO EWF_LOG (ID, NAME, QUERY_TYPE, QUERY_TEXT) VALUES (180, '1521062020703-4158096374859', 'INSERT', 'INSERT INTO t1 (name) VALUES (''???'')');
INSERT INTO EWF_LOG (ID, NAME, QUERY_TYPE, QUERY_TEXT) VALUES (181, '1521062025862-4163255855056', 'UPDATE', 'UPDATE t1 SET  WHERE id = 1');
INSERT INTO EWF_LOG (ID, NAME, QUERY_TYPE, QUERY_TEXT) VALUES (182, '1521062724055-4861448936324', 'DELETE', 'DELETE FROM t1 WHERE id = 1');
INSERT INTO EWF_LOG (ID, NAME, QUERY_TYPE, QUERY_TEXT) VALUES (183, '1521062733133-4870526600150', 'INSERT', 'INSERT INTO t1 (name) VALUES (''???'')');
INSERT INTO EWF_LOG (ID, NAME, QUERY_TYPE, QUERY_TEXT) VALUES (184, '1521062865945-5003339097213', 'UPDATE', 'UPDATE t1 SET  WHERE id = 2');
INSERT INTO EWF_LOG (ID, NAME, QUERY_TYPE, QUERY_TEXT) VALUES (185, '1521064644085-6781478738768', 'UPDATE', 'UPDATE t1 SET TEXT = ''54554'' WHERE id = 2');
INSERT INTO EWF_LOG (ID, NAME, QUERY_TYPE, QUERY_TEXT) VALUES (186, '1521064673631-6811024781141', 'DELETE', 'DELETE FROM t1 WHERE id = 2');
INSERT INTO EWF_LOG (ID, NAME, QUERY_TYPE, QUERY_TEXT) VALUES (187, '1521064675167-6812560251919', 'INSERT', 'INSERT INTO t1 (name) VALUES (''???'')');
INSERT INTO EWF_LOG (ID, NAME, QUERY_TYPE, QUERY_TEXT) VALUES (188, '1521064678315-6815708428800', 'UPDATE', 'UPDATE t1 SET TEXT = ''54455'' WHERE id = 3');
INSERT INTO EWF_LOG (ID, NAME, QUERY_TYPE, QUERY_TEXT) VALUES (189, '1521064680099-6817492365199', 'UPDATE', 'UPDATE t1 SET TEXT = ''54455'', NAME = ''???54654'' WHERE id = 3');
INSERT INTO EWF_LOG (ID, NAME, QUERY_TYPE, QUERY_TEXT) VALUES (190, '1521064682571-6819964295736', 'UPDATE', 'UPDATE t1 SET TEXT = ''54455'', NAME = ''sajafñlskj'' WHERE id = 3');
INSERT INTO EWF_LOG (ID, NAME, QUERY_TYPE, QUERY_TEXT) VALUES (191, '1521064686503-6823896632807', 'INSERT', 'INSERT INTO t1 (name) VALUES (''???'')');
INSERT INTO EWF_LOG (ID, NAME, QUERY_TYPE, QUERY_TEXT) VALUES (192, '1521064688791-6826184472986', 'DELETE', 'DELETE FROM t1 WHERE id = 3');
INSERT INTO EWF_LOG (ID, NAME, QUERY_TYPE, QUERY_TEXT) VALUES (193, '1521064689879-6827272351998', 'DELETE', 'DELETE FROM t1 WHERE id = 4');
INSERT INTO EWF_LOG (ID, NAME, QUERY_TYPE, QUERY_TEXT) VALUES (194, '1521064692175-6829568575354', 'INSERT', 'INSERT INTO t1 (name) VALUES (''???'')');
INSERT INTO EWF_LOG (ID, NAME, QUERY_TYPE, QUERY_TEXT) VALUES (195, '1521064696347-6833740593908', 'UPDATE', 'UPDATE t1 SET TEXT = ''oijoiuj'' WHERE id = 5');
INSERT INTO EWF_LOG (ID, NAME, QUERY_TYPE, QUERY_TEXT) VALUES (196, '1521579186779-1384372419933', 'DELETE', 'DELETE FROM t1 WHERE id = 5');
INSERT INTO EWF_LOG (ID, NAME, QUERY_TYPE, QUERY_TEXT) VALUES (197, '1521579196385-1393978664509', 'INSERT', 'INSERT INTO t1 (name) VALUES (''???'')');
INSERT INTO EWF_LOG (ID, NAME, QUERY_TYPE, QUERY_TEXT) VALUES (198, '1521579198775-1396368508870', 'UPDATE', 'UPDATE t1 SET TEXT = ''kijhkhkj'' WHERE id = 6');
INSERT INTO EWF_LOG (ID, NAME, QUERY_TYPE, QUERY_TEXT) VALUES (199, '1526325044653-5282429724379', 'UPDATE', 'UPDATE ewf_page SET ID_EWF_APPL = 28 WHERE id = 8');
INSERT INTO EWF_LOG (ID, NAME, QUERY_TYPE, QUERY_TEXT) VALUES (200, '1526325061334-5299110646199', 'UPDATE', 'UPDATE ewf_page SET ID_EWF_APPL = 28 WHERE id = 7');
INSERT INTO EWF_LOG (ID, NAME, QUERY_TYPE, QUERY_TEXT) VALUES (201, '1526325064100-5301876161168', 'UPDATE', 'UPDATE ewf_page SET ID_EWF_APPL = 28 WHERE id = 6');
INSERT INTO EWF_LOG (ID, NAME, QUERY_TYPE, QUERY_TEXT) VALUES (202, '1526325066724-5304500374007', 'UPDATE', 'UPDATE ewf_page SET ID_EWF_APPL = 28 WHERE id = 5');
INSERT INTO EWF_LOG (ID, NAME, QUERY_TYPE, QUERY_TEXT) VALUES (203, '1526325069484-5307260412533', 'UPDATE', 'UPDATE ewf_page SET ID_EWF_APPL = 28 WHERE id = 4');
INSERT INTO EWF_LOG (ID, NAME, QUERY_TYPE, QUERY_TEXT) VALUES (204, '1526325071892-5309668474067', 'UPDATE', 'UPDATE ewf_page SET ID_EWF_APPL = 28 WHERE id = 3');
INSERT INTO EWF_LOG (ID, NAME, QUERY_TYPE, QUERY_TEXT) VALUES (205, '1526325074221-5311997555237', 'UPDATE', 'UPDATE ewf_page SET ID_EWF_APPL = 28 WHERE id = 2');
INSERT INTO EWF_LOG (ID, NAME, QUERY_TYPE, QUERY_TEXT) VALUES (207, '1526363137568-6969986659412', 'UPDATE', 'UPDATE ewf_page SET DESCRIPTION = ''Log'' WHERE id = 7');
INSERT INTO EWF_LOG (ID, NAME, QUERY_TYPE, QUERY_TEXT) VALUES (208, '1526363145442-6977860634407', 'UPDATE', 'UPDATE ewf_page SET NAME = ''log'' WHERE id = 7');
INSERT INTO EWF_LOG (ID, NAME, QUERY_TYPE, QUERY_TEXT) VALUES (209, '1526363194300-7026718830758', 'DELETE', 'DELETE FROM ewf_comp_content WHERE id = 36');
INSERT INTO EWF_LOG (ID, NAME, QUERY_TYPE, QUERY_TEXT) VALUES (210, '1526363313388-7145806915517', 'DELETE', 'DELETE FROM ewf_elem WHERE id = 16');
INSERT INTO EWF_LOG (ID, NAME, QUERY_TYPE, QUERY_TEXT) VALUES (211, '1526363390229-7222647866759', 'DELETE', 'DELETE FROM ewf_comp_content WHERE id = 35');
INSERT INTO EWF_LOG (ID, NAME, QUERY_TYPE, QUERY_TEXT) VALUES (212, '1526363413218-7245637094401', 'DELETE', 'DELETE FROM ewf_page WHERE id = 8');
INSERT INTO EWF_LOG (ID, NAME, QUERY_TYPE, QUERY_TEXT) VALUES (213, '1526363456963-7289382209179', 'UPDATE', 'UPDATE ewf_elem SET TEXT = ''footer'' WHERE id = 11');
INSERT INTO EWF_LOG (ID, NAME, QUERY_TYPE, QUERY_TEXT) VALUES (214, '1526363663746-7496165087623', 'DELETE', 'DELETE FROM ewf_comp_content WHERE id = 24');
INSERT INTO EWF_LOG (ID, NAME, QUERY_TYPE, QUERY_TEXT) VALUES (215, '1526363669970-7502389276178', 'DELETE', 'DELETE FROM ewf_comp_content WHERE id = 25');
INSERT INTO EWF_LOG (ID, NAME, QUERY_TYPE, QUERY_TEXT) VALUES (216, '1526363674891-7507309532181', 'DELETE', 'DELETE FROM ewf_comp_content WHERE id = 26');
INSERT INTO EWF_LOG (ID, NAME, QUERY_TYPE, QUERY_TEXT) VALUES (217, '1526363717884-7550302345601', 'DELETE', 'DELETE FROM ewf_elem WHERE id = 12');
INSERT INTO EWF_LOG (ID, NAME, QUERY_TYPE, QUERY_TEXT) VALUES (218, '1526363736700-7569118810321', 'DELETE', 'DELETE FROM ewf_elem WHERE id = 13');
INSERT INTO EWF_LOG (ID, NAME, QUERY_TYPE, QUERY_TEXT) VALUES (219, '1526363749973-7582391361023', 'DELETE', 'DELETE FROM ewf_elem WHERE id = 14');
INSERT INTO EWF_LOG (ID, NAME, QUERY_TYPE, QUERY_TEXT) VALUES (220, '1526363765933-7598351653630', 'DELETE', 'DELETE FROM ewf_comp WHERE id = 13');
INSERT INTO EWF_LOG (ID, NAME, QUERY_TYPE, QUERY_TEXT) VALUES (221, '1526363817950-7650368928707', 'DELETE', 'DELETE FROM ewf_comp_content WHERE id = 4');
INSERT INTO EWF_LOG (ID, NAME, QUERY_TYPE, QUERY_TEXT) VALUES (222, '1526363819142-7651560733244', 'DELETE', 'DELETE FROM ewf_comp_content WHERE id = 5');
INSERT INTO EWF_LOG (ID, NAME, QUERY_TYPE, QUERY_TEXT) VALUES (223, '1526363853263-7685682224051', 'DELETE', 'DELETE FROM ewf_comp WHERE id = 13');
INSERT INTO EWF_LOG (ID, NAME, QUERY_TYPE, QUERY_TEXT) VALUES (224, '1526363854847-7687265966202', 'DELETE', 'DELETE FROM ewf_comp WHERE id = 14');
INSERT INTO EWF_LOG (ID, NAME, QUERY_TYPE, QUERY_TEXT) VALUES (225, '1526363858656-7691074378154', 'DELETE', 'DELETE FROM ewf_comp WHERE id = 15');
INSERT INTO EWF_LOG (ID, NAME, QUERY_TYPE, QUERY_TEXT) VALUES (226, '1526363881632-7714050586440', 'DELETE', 'DELETE FROM ewf_comp_content WHERE id = 6');
INSERT INTO EWF_LOG (ID, NAME, QUERY_TYPE, QUERY_TEXT) VALUES (227, '1526363890009-7722427520047', 'DELETE', 'DELETE FROM ewf_comp WHERE id = 15');
INSERT INTO EWF_LOG (ID, NAME, QUERY_TYPE, QUERY_TEXT) VALUES (228, '1526363914289-7746707539874', 'DELETE', 'DELETE FROM ewf_comp WHERE id = 2');
INSERT INTO EWF_LOG (ID, NAME, QUERY_TYPE, QUERY_TEXT) VALUES (229, '1526363924169-7756587887122', 'DELETE', 'DELETE FROM ewf_page WHERE id = 2');
INSERT INTO EWF_LOG (ID, NAME, QUERY_TYPE, QUERY_TEXT) VALUES (231, '1526363954490-7786909018367', 'DELETE', 'DELETE FROM ewf_comp_content WHERE id = 28');
INSERT INTO EWF_LOG (ID, NAME, QUERY_TYPE, QUERY_TEXT) VALUES (233, '1526364547503-8379921876717', 'DELETE', 'DELETE FROM ewf_log WHERE id = 232');
INSERT INTO EWF_LOG (ID, NAME, QUERY_TYPE, QUERY_TEXT) VALUES (235, '1526364583654-8416072780308', 'UPDATE', 'UPDATE ewf_log SET QUERY_TEXT = null WHERE id = 234');
INSERT INTO EWF_LOG (ID, NAME, QUERY_TYPE, QUERY_TEXT) VALUES (236, '1526364629113-8461531374487', 'DELETE', 'DELETE FROM ewf_comp WHERE id = 29');
INSERT INTO EWF_LOG (ID, NAME, QUERY_TYPE, QUERY_TEXT) VALUES (237, '1526364706073-8538491543873', 'INSERT', 'INSERT INTO ewf_comp (name) VALUES (''???'')');
INSERT INTO EWF_LOG (ID, NAME, QUERY_TYPE, QUERY_TEXT) VALUES (238, '1526364767139-8599557647784', 'DELETE', 'DELETE FROM ewf_comp WHERE id = 30');
INSERT INTO EWF_LOG (ID, NAME, QUERY_TYPE, QUERY_TEXT) VALUES (239, '1526384354909-15462031272306', 'INSERT', 'INSERT INTO ewf_page (name) VALUES (''???'')');
INSERT INTO EWF_LOG (ID, NAME, QUERY_TYPE, QUERY_TEXT) VALUES (240, '1526384375055-15482177303843', 'DELETE', 'DELETE FROM ewf_page WHERE id = 9');
INSERT INTO EWF_LOG (ID, NAME, QUERY_TYPE, QUERY_TEXT) VALUES (241, '1526384405748-15512869956423', 'DELETE', 'DELETE FROM ewf_log WHERE id = 234');
INSERT INTO EWF_LOG (ID, NAME, QUERY_TYPE, QUERY_TEXT) VALUES (242, '1526384424741-15531863002950', 'INSERT', 'INSERT INTO ewf_page (name) VALUES (''???'')');
INSERT INTO EWF_LOG (ID, NAME, QUERY_TYPE, QUERY_TEXT) VALUES (243, '1526384431757-15538878563635', 'UPDATE', 'UPDATE ewf_page SET DESCRIPTION = ''aaaa'' WHERE id = 10');
INSERT INTO EWF_LOG (ID, NAME, QUERY_TYPE, QUERY_TEXT) VALUES (244, '1526384450157-15557278937671', 'UPDATE', 'UPDATE ewf_page SET DESCRIPTION = ''aa22'' WHERE id = 10');
INSERT INTO EWF_LOG (ID, NAME, QUERY_TYPE, QUERY_TEXT) VALUES (245, '1526384486956-15594077938809', 'UPDATE', 'UPDATE ewf_page SET DESCRIPTION = ''aa22'', ID_EWF_COMP = 555 WHERE id = 10');
INSERT INTO EWF_LOG (ID, NAME, QUERY_TYPE, QUERY_TEXT) VALUES (246, '1526384495463-15602584556235', 'DELETE', 'DELETE FROM ewf_page WHERE id = 10');
INSERT INTO EWF_LOG (ID, NAME, QUERY_TYPE, QUERY_TEXT) VALUES (247, '1526384524781-15631903391758', 'INSERT', 'INSERT INTO ewf_page (name) VALUES (''???'')');
INSERT INTO EWF_LOG (ID, NAME, QUERY_TYPE, QUERY_TEXT) VALUES (248, '1526384565487-15672608853679', 'UPDATE', 'UPDATE ewf_page SET NAME = ''appl'' WHERE id = 11');
INSERT INTO EWF_LOG (ID, NAME, QUERY_TYPE, QUERY_TEXT) VALUES (249, '1526384570383-15677505468692', 'UPDATE', 'UPDATE ewf_page SET NAME = ''appl'', DESCRIPTION = ''Appl'' WHERE id = 11');
INSERT INTO EWF_LOG (ID, NAME, QUERY_TYPE, QUERY_TEXT) VALUES (250, '1526384585853-15692975236482', 'UPDATE', 'UPDATE ewf_page SET ID_EWF_COMP = 88888 WHERE id = 11');
INSERT INTO EWF_LOG (ID, NAME, QUERY_TYPE, QUERY_TEXT) VALUES (251, '1526384911112-16018234356043', 'INSERT', 'INSERT INTO ewf_comp (name) VALUES (''???'')');
INSERT INTO EWF_LOG (ID, NAME, QUERY_TYPE, QUERY_TEXT) VALUES (252, '1526384923237-16030358622116', 'UPDATE', 'UPDATE ewf_comp SET NAME = ''appl'' WHERE id = 30');
INSERT INTO EWF_LOG (ID, NAME, QUERY_TYPE, QUERY_TEXT) VALUES (253, '1526384966755-16073876584014', 'UPDATE', 'UPDATE ewf_comp SET CLASS_NAME_LAYOUT = ''com.vaadin.ui.VerticalLayout'' WHERE id = 30');
INSERT INTO EWF_LOG (ID, NAME, QUERY_TYPE, QUERY_TEXT) VALUES (254, '1526384989905-16097027437999', 'UPDATE', 'UPDATE ewf_page SET ID_EWF_COMP = 30 WHERE id = 11');
INSERT INTO EWF_LOG (ID, NAME, QUERY_TYPE, QUERY_TEXT) VALUES (255, '1526384993530-16100651794724', 'UPDATE', 'UPDATE ewf_page SET ID_EWF_COMP = 30, ID_EWF_APPL = 28 WHERE id = 11');
INSERT INTO EWF_LOG (ID, NAME, QUERY_TYPE, QUERY_TEXT) VALUES (256, '1526385162851-16269973153179', 'INSERT', 'INSERT INTO ewf_comp_content (name) VALUES (''???'')');
INSERT INTO EWF_LOG (ID, NAME, QUERY_TYPE, QUERY_TEXT) VALUES (257, '1526385177231-16284352889226', 'UPDATE', 'UPDATE ewf_comp_content SET ID_EWF_COMP = 30 WHERE id = 37');
INSERT INTO EWF_LOG (ID, NAME, QUERY_TYPE, QUERY_TEXT) VALUES (258, '1526385192200-16299322163876', 'UPDATE', 'UPDATE ewf_comp_content SET ID_EWF_ELEM__2 = 1 WHERE id = 37');
INSERT INTO EWF_LOG (ID, NAME, QUERY_TYPE, QUERY_TEXT) VALUES (259, '1526385198561-16305682916674', 'UPDATE', 'UPDATE ewf_comp_content SET ORDINAL = 1 WHERE id = 37');
INSERT INTO EWF_LOG (ID, NAME, QUERY_TYPE, QUERY_TEXT) VALUES (260, '1526385215475-16322597270164', 'UPDATE', 'UPDATE ewf_comp_content SET ORDINAL = 1, NAME = ''appl-menu'' WHERE id = 37');
INSERT INTO EWF_LOG (ID, NAME, QUERY_TYPE, QUERY_TEXT) VALUES (261, '1526385297214-16404336090659', 'INSERT', 'INSERT INTO ewf_elem (name) VALUES (''???'')');
INSERT INTO EWF_LOG (ID, NAME, QUERY_TYPE, QUERY_TEXT) VALUES (262, '1526385321255-16428376821459', 'UPDATE', 'UPDATE ewf_elem SET NAME = ''gridElem'' WHERE id = 17');
INSERT INTO EWF_LOG (ID, NAME, QUERY_TYPE, QUERY_TEXT) VALUES (263, '1526385325321-16432443117798', 'UPDATE', 'UPDATE ewf_elem SET NAME = ''gridAppl'' WHERE id = 17');
INSERT INTO EWF_LOG (ID, NAME, QUERY_TYPE, QUERY_TEXT) VALUES (264, '1526385338489-16445610642262', 'UPDATE', 'UPDATE ewf_elem SET COMPONENT_CLASS_NAME = ''com.vaadin.ui.Grid'' WHERE id = 17');
INSERT INTO EWF_LOG (ID, NAME, QUERY_TYPE, QUERY_TEXT) VALUES (265, '1526385364398-16471520098397', 'UPDATE', 'UPDATE ewf_elem SET QUERY_TABLE = ''ewf_appl'' WHERE id = 17');
INSERT INTO EWF_LOG (ID, NAME, QUERY_TYPE, QUERY_TEXT) VALUES (266, '1526385381724-16488845638933', 'UPDATE', 'UPDATE ewf_elem SET QUERY_SELECT = ''SELECT * FROM ewf.ewf_appl order by id desc'' WHERE id = 17');
INSERT INTO EWF_LOG (ID, NAME, QUERY_TYPE, QUERY_TEXT) VALUES (267, '1526385453889-16561010606316', 'INSERT', 'INSERT INTO ewf_comp_content (name) VALUES (''???'')');
INSERT INTO EWF_LOG (ID, NAME, QUERY_TYPE, QUERY_TEXT) VALUES (268, '1526385463911-16571033438303', 'UPDATE', 'UPDATE ewf_comp_content SET ID_EWF_COMP = 30 WHERE id = 38');
INSERT INTO EWF_LOG (ID, NAME, QUERY_TYPE, QUERY_TEXT) VALUES (269, '1526385475702-16582824133317', 'UPDATE', 'UPDATE ewf_comp_content SET ID_EWF_ELEM__2 = 17 WHERE id = 38');
INSERT INTO EWF_LOG (ID, NAME, QUERY_TYPE, QUERY_TEXT) VALUES (270, '1526385483446-16590567822171', 'UPDATE', 'UPDATE ewf_comp_content SET ORDINAL = 2 WHERE id = 38');
INSERT INTO EWF_LOG (ID, NAME, QUERY_TYPE, QUERY_TEXT) VALUES (271, '1526385502391-16609512569071', 'UPDATE', 'UPDATE ewf_comp_content SET NAME = ''appl-grid'' WHERE id = 38');
COMMIT;

INSERT INTO EWF_APPL (ID, NAME) VALUES (28, 'cms');
INSERT INTO EWF_APPL (ID, NAME) VALUES (29, 'ramona');
COMMIT;

INSERT INTO EWF_COMP (ID, NAME, CLASS_NAME_LAYOUT, STYLE_NAMES) VALUES (1, 'homeLayout', 'com.vaadin.ui.VerticalLayout', null);
INSERT INTO EWF_COMP (ID, NAME, CLASS_NAME_LAYOUT, STYLE_NAMES) VALUES (3, 'chisonoLayout', 'com.vaadin.ui.VerticalLayout', null);
INSERT INTO EWF_COMP (ID, NAME, CLASS_NAME_LAYOUT, STYLE_NAMES) VALUES (4, 'blogLayout', 'com.vaadin.ui.VerticalLayout', null);
INSERT INTO EWF_COMP (ID, NAME, CLASS_NAME_LAYOUT, STYLE_NAMES) VALUES (5, 'contattiLayout', 'com.vaadin.ui.VerticalLayout', null);
INSERT INTO EWF_COMP (ID, NAME, CLASS_NAME_LAYOUT, STYLE_NAMES) VALUES (6, 'mappaLayout', 'com.vaadin.ui.VerticalLayout', null);
INSERT INTO EWF_COMP (ID, NAME, CLASS_NAME_LAYOUT, STYLE_NAMES) VALUES (7, 'saluteOlistica', 'com.vaadin.ui.VerticalLayout', 'ewfBackColorGreen,ewfBorderRadius25');
INSERT INTO EWF_COMP (ID, NAME, CLASS_NAME_LAYOUT, STYLE_NAMES) VALUES (9, 'titolo', 'com.vaadin.ui.CssLayout', 'ewfResponsiveTitle');
INSERT INTO EWF_COMP (ID, NAME, CLASS_NAME_LAYOUT, STYLE_NAMES) VALUES (10, 'sottotitolo', 'com.vaadin.ui.CssLayout', 'ewfResponsiveSubtitle');
INSERT INTO EWF_COMP (ID, NAME, CLASS_NAME_LAYOUT, STYLE_NAMES) VALUES (11, 'testoEImmagine', 'com.vaadin.ui.CssLayout', 'ewfFlexWrap,ewfBorderRadius25');
INSERT INTO EWF_COMP (ID, NAME, CLASS_NAME_LAYOUT, STYLE_NAMES) VALUES (12, 'benesserePsicofisico', 'com.vaadin.ui.VerticalLayout', 'ewfBackColorGreen');
INSERT INTO EWF_COMP (ID, NAME, CLASS_NAME_LAYOUT, STYLE_NAMES) VALUES (28, 'dml', 'com.vaadin.ui.VerticalLayout', null);
INSERT INTO EWF_COMP (ID, NAME, CLASS_NAME_LAYOUT, STYLE_NAMES) VALUES (30, 'appl', 'com.vaadin.ui.VerticalLayout', null);
COMMIT;

INSERT INTO EWF_PAGE (ID, NAME, DESCRIPTION, ID_EWF_COMP, ID_EWF_APPL) VALUES (1, 'home', 'Home', 1, 28);
INSERT INTO EWF_PAGE (ID, NAME, DESCRIPTION, ID_EWF_COMP, ID_EWF_APPL) VALUES (3, 'comp', 'Comp', 3, 28);
INSERT INTO EWF_PAGE (ID, NAME, DESCRIPTION, ID_EWF_COMP, ID_EWF_APPL) VALUES (4, 'page', 'Page', 4, 28);
INSERT INTO EWF_PAGE (ID, NAME, DESCRIPTION, ID_EWF_COMP, ID_EWF_APPL) VALUES (5, 'elem', 'Elem', 5, 28);
INSERT INTO EWF_PAGE (ID, NAME, DESCRIPTION, ID_EWF_COMP, ID_EWF_APPL) VALUES (6, 'content', 'Content', 6, 28);
INSERT INTO EWF_PAGE (ID, NAME, DESCRIPTION, ID_EWF_COMP, ID_EWF_APPL) VALUES (7, 'log', 'Log', 28, 28);
INSERT INTO EWF_PAGE (ID, NAME, DESCRIPTION, ID_EWF_COMP, ID_EWF_APPL) VALUES (11, 'appl', 'Appl', 30, 28);
COMMIT;

INSERT INTO EWF_ELEM (ID, NAME, COMPONENT_CLASS_NAME, TEXT, FILE_NAME, ELEM_CUSTOM_CLASS_NAME, STYLE_NAMES, QUERY_SELECT, QUERY_TABLE) VALUES (1, 'menu', null, null, null, 'com.softwarelma.ewf.client.elem.EwfElemCustomMenuResponsive', null, null, null);
INSERT INTO EWF_ELEM (ID, NAME, COMPONENT_CLASS_NAME, TEXT, FILE_NAME, ELEM_CUSTOM_CLASS_NAME, STYLE_NAMES, QUERY_SELECT, QUERY_TABLE) VALUES (2, 'gridComp', 'com.vaadin.ui.Grid', null, null, null, null, 'SELECT * FROM ewf.ewf_comp order by id desc', 'ewf_comp');
INSERT INTO EWF_ELEM (ID, NAME, COMPONENT_CLASS_NAME, TEXT, FILE_NAME, ELEM_CUSTOM_CLASS_NAME, STYLE_NAMES, QUERY_SELECT, QUERY_TABLE) VALUES (3, 'gridPage', 'com.vaadin.ui.Grid', null, null, null, null, 'SELECT * FROM ewf.ewf_page order by id desc', 'ewf_page');
INSERT INTO EWF_ELEM (ID, NAME, COMPONENT_CLASS_NAME, TEXT, FILE_NAME, ELEM_CUSTOM_CLASS_NAME, STYLE_NAMES, QUERY_SELECT, QUERY_TABLE) VALUES (4, 'gridElem', 'com.vaadin.ui.Grid', null, null, null, null, 'SELECT * FROM ewf.ewf_elem order by id desc', 'ewf_elem');
INSERT INTO EWF_ELEM (ID, NAME, COMPONENT_CLASS_NAME, TEXT, FILE_NAME, ELEM_CUSTOM_CLASS_NAME, STYLE_NAMES, QUERY_SELECT, QUERY_TABLE) VALUES (5, 'gridCompContent', 'com.vaadin.ui.Grid', null, null, null, null, 'SELECT * FROM ewf.ewf_comp_content order by id_ewf_comp desc, ordinal desc', 'ewf_comp_content');
INSERT INTO EWF_ELEM (ID, NAME, COMPONENT_CLASS_NAME, TEXT, FILE_NAME, ELEM_CUSTOM_CLASS_NAME, STYLE_NAMES, QUERY_SELECT, QUERY_TABLE) VALUES (6, 'saluteOlisticaLabel1', 'com.vaadin.ui.Label', 'Titolo ksad lskjfownvo slnfow ---', null, null, 'ewfFontTitle', null, null);
INSERT INTO EWF_ELEM (ID, NAME, COMPONENT_CLASS_NAME, TEXT, FILE_NAME, ELEM_CUSTOM_CLASS_NAME, STYLE_NAMES, QUERY_SELECT, QUERY_TABLE) VALUES (8, 'saluteOlisticaLabel2', 'com.vaadin.ui.Label', 'Sottotitolo slkfjslfjowinvom fiwjf wo fwif aljfoffn af owifhwoi ---', null, null, 'ewfFontSubtitle', null, null);
INSERT INTO EWF_ELEM (ID, NAME, COMPONENT_CLASS_NAME, TEXT, FILE_NAME, ELEM_CUSTOM_CLASS_NAME, STYLE_NAMES, QUERY_SELECT, QUERY_TABLE) VALUES (9, 'testo', 'com.vaadin.ui.Label', '&nbsp;&nbsp;&nbsp;&nbsp;&nbsp;&nbsp;&nbsp;Intro slf slfj slfjslk  jlsjwonlsoiw  lsj flsaj fsljf lsj fsljf lska jfsljf as jfñasljpfoiqjhp9hgpqpuiga hFH AH A HFOAIF JHUIQPHPFA  ñafjasñoifjw lksj fslkfj op jalfj alfj alfj afioqjfoiwjhfowi flf alj. <br>&nbsp;&nbsp;&nbsp;&nbsp;&nbsp;&nbsp;&nbsp;Svil  slf slfj slfjslk  jlsjwonlsoiw  lsj flsaj fsljf lsj fsljf lska jfsljf as jfñasljpfoiqjhp9hgpqpuiga hFH AH A HFOAIF JHUIQPHPFA  ñafjasñoifjw lksj fslkfj op jalfj alfj alfj afioqjfoiwjhfowi flf alj. <br>&nbsp;&nbsp;&nbsp;&nbsp;&nbsp;&nbsp;&nbsp;Fine  slf slfj slfjslk  jlsjwonlsoiw  lsj flsaj fsljf lsj fsljf lska jfsljf as jfñasljpfoiqjhp9hgpqpuiga hFH AH A HFOAIF JHUIQPHPFA  ñafjasñoifjw lksj fslkfj op jalfj alfj alfj afioqjfoiwjhfowi flf alj.', null, null, 'ewfItembox', null, null);
INSERT INTO EWF_ELEM (ID, NAME, COMPONENT_CLASS_NAME, TEXT, FILE_NAME, ELEM_CUSTOM_CLASS_NAME, STYLE_NAMES, QUERY_SELECT, QUERY_TABLE) VALUES (10, 'immagine', null, null, 'robot.jpeg', 'com.softwarelma.ewf.client.elem.EwfElemCustomImage', 'ewfItembox,ewfBorderRadius25', null, null);
INSERT INTO EWF_ELEM (ID, NAME, COMPONENT_CLASS_NAME, TEXT, FILE_NAME, ELEM_CUSTOM_CLASS_NAME, STYLE_NAMES, QUERY_SELECT, QUERY_TABLE) VALUES (11, 'benesserePsicofisicoLabel', 'com.vaadin.ui.Label', 'footer', null, null, null, null, null);
INSERT INTO EWF_ELEM (ID, NAME, COMPONENT_CLASS_NAME, TEXT, FILE_NAME, ELEM_CUSTOM_CLASS_NAME, STYLE_NAMES, QUERY_SELECT, QUERY_TABLE) VALUES (15, 'gridDml', 'com.vaadin.ui.Grid', null, null, null, null, 'SELECT * FROM ewf.ewf_log order by id desc', 'ewf_log');
INSERT INTO EWF_ELEM (ID, NAME, COMPONENT_CLASS_NAME, TEXT, FILE_NAME, ELEM_CUSTOM_CLASS_NAME, STYLE_NAMES, QUERY_SELECT, QUERY_TABLE) VALUES (17, 'gridAppl', 'com.vaadin.ui.Grid', null, null, null, null, 'SELECT * FROM ewf.ewf_appl order by id desc', 'ewf_appl');
COMMIT;

INSERT INTO EWF_COMP_CONTENT (ID, NAME, ID_EWF_COMP, ID_EWF_COMP__2, ID_EWF_ELEM__2, ORDINAL) VALUES (1, 'home-salute', 1, 7, null, 2);
INSERT INTO EWF_COMP_CONTENT (ID, NAME, ID_EWF_COMP, ID_EWF_COMP__2, ID_EWF_ELEM__2, ORDINAL) VALUES (2, 'home-benessere', 1, 12, null, 3);
INSERT INTO EWF_COMP_CONTENT (ID, NAME, ID_EWF_COMP, ID_EWF_COMP__2, ID_EWF_ELEM__2, ORDINAL) VALUES (7, 'chisono-chisono', 3, null, 2, 2);
INSERT INTO EWF_COMP_CONTENT (ID, NAME, ID_EWF_COMP, ID_EWF_COMP__2, ID_EWF_ELEM__2, ORDINAL) VALUES (8, 'blog-blog', 4, null, 3, 2);
INSERT INTO EWF_COMP_CONTENT (ID, NAME, ID_EWF_COMP, ID_EWF_COMP__2, ID_EWF_ELEM__2, ORDINAL) VALUES (9, 'contatti-contatti', 5, null, 4, 2);
INSERT INTO EWF_COMP_CONTENT (ID, NAME, ID_EWF_COMP, ID_EWF_COMP__2, ID_EWF_ELEM__2, ORDINAL) VALUES (10, 'mappa-mappa', 6, null, 5, 2);
INSERT INTO EWF_COMP_CONTENT (ID, NAME, ID_EWF_COMP, ID_EWF_COMP__2, ID_EWF_ELEM__2, ORDINAL) VALUES (11, 'saluteOlistica-titolo', 7, 9, null, 1);
INSERT INTO EWF_COMP_CONTENT (ID, NAME, ID_EWF_COMP, ID_EWF_COMP__2, ID_EWF_ELEM__2, ORDINAL) VALUES (12, 'saluteOlistica-sottotitolo', 7, 10, null, 2);
INSERT INTO EWF_COMP_CONTENT (ID, NAME, ID_EWF_COMP, ID_EWF_COMP__2, ID_EWF_ELEM__2, ORDINAL) VALUES (13, 'saluteOlistica-testoEImmagine', 7, 11, null, 3);
INSERT INTO EWF_COMP_CONTENT (ID, NAME, ID_EWF_COMP, ID_EWF_COMP__2, ID_EWF_ELEM__2, ORDINAL) VALUES (18, 'saluteOlisticaInterno1-saluteOlisticaLabel1', 9, null, 6, 1);
INSERT INTO EWF_COMP_CONTENT (ID, NAME, ID_EWF_COMP, ID_EWF_COMP__2, ID_EWF_ELEM__2, ORDINAL) VALUES (19, 'saluteOlisticaInterno2-saluteOlisticaLabel2', 10, null, 8, 1);
INSERT INTO EWF_COMP_CONTENT (ID, NAME, ID_EWF_COMP, ID_EWF_COMP__2, ID_EWF_ELEM__2, ORDINAL) VALUES (20, 'testoEImmagine-testo', 11, null, 9, 1);
INSERT INTO EWF_COMP_CONTENT (ID, NAME, ID_EWF_COMP, ID_EWF_COMP__2, ID_EWF_ELEM__2, ORDINAL) VALUES (21, 'testoEImmagine-immagine', 11, null, 10, 2);
INSERT INTO EWF_COMP_CONTENT (ID, NAME, ID_EWF_COMP, ID_EWF_COMP__2, ID_EWF_ELEM__2, ORDINAL) VALUES (23, 'benesserePsicofisico-benesserePsicofisicoLabel', 12, null, 11, 1);
INSERT INTO EWF_COMP_CONTENT (ID, NAME, ID_EWF_COMP, ID_EWF_COMP__2, ID_EWF_ELEM__2, ORDINAL) VALUES (27, 'home-menu', 1, null, 1, 1);
INSERT INTO EWF_COMP_CONTENT (ID, NAME, ID_EWF_COMP, ID_EWF_COMP__2, ID_EWF_ELEM__2, ORDINAL) VALUES (29, 'chisono-menu', 3, null, 1, 1);
INSERT INTO EWF_COMP_CONTENT (ID, NAME, ID_EWF_COMP, ID_EWF_COMP__2, ID_EWF_ELEM__2, ORDINAL) VALUES (30, 'blog-menu', 4, null, 1, 1);
INSERT INTO EWF_COMP_CONTENT (ID, NAME, ID_EWF_COMP, ID_EWF_COMP__2, ID_EWF_ELEM__2, ORDINAL) VALUES (31, 'contatti-menu', 5, null, 1, 1);
INSERT INTO EWF_COMP_CONTENT (ID, NAME, ID_EWF_COMP, ID_EWF_COMP__2, ID_EWF_ELEM__2, ORDINAL) VALUES (32, 'mappa-menu', 6, null, 1, 1);
INSERT INTO EWF_COMP_CONTENT (ID, NAME, ID_EWF_COMP, ID_EWF_COMP__2, ID_EWF_ELEM__2, ORDINAL) VALUES (33, 'dml-menu', 28, null, 1, 1);
INSERT INTO EWF_COMP_CONTENT (ID, NAME, ID_EWF_COMP, ID_EWF_COMP__2, ID_EWF_ELEM__2, ORDINAL) VALUES (34, 'dml-grid', 28, null, 15, 2);
INSERT INTO EWF_COMP_CONTENT (ID, NAME, ID_EWF_COMP, ID_EWF_COMP__2, ID_EWF_ELEM__2, ORDINAL) VALUES (37, 'appl-menu', 30, null, 1, 1);
INSERT INTO EWF_COMP_CONTENT (ID, NAME, ID_EWF_COMP, ID_EWF_COMP__2, ID_EWF_ELEM__2, ORDINAL) VALUES (38, 'appl-grid', 30, null, 17, 2);
COMMIT;

