DELETE FROM ewf.ewf_comp_content;
DELETE FROM ewf.ewf_elem;
DELETE FROM ewf.ewf_page;
DELETE FROM ewf.ewf_comp;
DELETE FROM ewf.ewf_appl;
DELETE FROM ewf.ewf_log;
COMMIT;

INSERT INTO EWF_LOG (ID, NAME, QUERY_TYPE, QUERY_TEXT) VALUES (157, '1521061417425-3554818393168', 'INSERT', 'INSERT INTO ewf_log (name) VALUES ('???')');
INSERT INTO EWF_LOG (ID, NAME, QUERY_TYPE, QUERY_TEXT) VALUES (159, '1521061434143-3571536248054', 'DELETE', 'DELETE FROM ewf_log WHERE id = 158');
INSERT INTO EWF_LOG (ID, NAME, QUERY_TYPE, QUERY_TEXT) VALUES (160, '1521061683767-3821160470509', 'INSERT', 'INSERT INTO ewf_comp (name) VALUES ('???')');
INSERT INTO EWF_LOG (ID, NAME, QUERY_TYPE, QUERY_TEXT) VALUES (161, '1521061694931-3832324902167', 'UPDATE', 'UPDATE ewf_comp SET NAME = 't1' WHERE id = 29');
INSERT INTO EWF_LOG (ID, NAME, QUERY_TYPE, QUERY_TEXT) VALUES (162, '1521061730238-3867632173368', 'UPDATE', 'UPDATE ewf_comp SET CLASS_NAME_LAYOUT = 'com.vaadin.ui.VerticalLayout' WHERE id = 29');
INSERT INTO EWF_LOG (ID, NAME, QUERY_TYPE, QUERY_TEXT) VALUES (163, '1521061739898-3877291999442', 'INSERT', 'INSERT INTO ewf_page (name) VALUES ('???')');
INSERT INTO EWF_LOG (ID, NAME, QUERY_TYPE, QUERY_TEXT) VALUES (164, '1521061754671-3892065027240', 'UPDATE', 'UPDATE ewf_page SET NAME = 't1', DESCRIPTION = 'T1', ID_EWF_COMP = 29 WHERE id = 8');
INSERT INTO EWF_LOG (ID, NAME, QUERY_TYPE, QUERY_TEXT) VALUES (165, '1521061776973-3914366616927', 'INSERT', 'INSERT INTO ewf_elem (name) VALUES ('???')');
INSERT INTO EWF_LOG (ID, NAME, QUERY_TYPE, QUERY_TEXT) VALUES (166, '1521061786988-3924381689089', 'UPDATE', 'UPDATE ewf_elem SET QUERY_TABLE = 't1' WHERE id = 16');
INSERT INTO EWF_LOG (ID, NAME, QUERY_TYPE, QUERY_TEXT) VALUES (167, '1521061800524-3937917458650', 'UPDATE', 'UPDATE ewf_elem SET NAME = 't1' WHERE id = 16');
INSERT INTO EWF_LOG (ID, NAME, QUERY_TYPE, QUERY_TEXT) VALUES (168, '1521061816083-3953476535959', 'UPDATE', 'UPDATE ewf_elem SET COMPONENT_CLASS_NAME = 'com.vaadin.ui.Grid' WHERE id = 16');
INSERT INTO EWF_LOG (ID, NAME, QUERY_TYPE, QUERY_TEXT) VALUES (169, '1521061835414-3972807711480', 'UPDATE', 'UPDATE ewf_elem SET QUERY_SELECT = 'SELECT * FROM ewf.t1 order by id desc' WHERE id = 16');
INSERT INTO EWF_LOG (ID, NAME, QUERY_TYPE, QUERY_TEXT) VALUES (170, '1521061908482-4045875349670', 'INSERT', 'INSERT INTO ewf_comp_content (name) VALUES ('???')');
INSERT INTO EWF_LOG (ID, NAME, QUERY_TYPE, QUERY_TEXT) VALUES (171, '1521061923345-4060738779567', 'UPDATE', 'UPDATE ewf_comp_content SET NAME = 't1-menu' WHERE id = 35');
INSERT INTO EWF_LOG (ID, NAME, QUERY_TYPE, QUERY_TEXT) VALUES (172, '1521061927284-4064677734349', 'INSERT', 'INSERT INTO ewf_comp_content (name) VALUES ('???')');
INSERT INTO EWF_LOG (ID, NAME, QUERY_TYPE, QUERY_TEXT) VALUES (173, '1521061934235-4071628462194', 'UPDATE', 'UPDATE ewf_comp_content SET NAME = 't1-grid' WHERE id = 36');
INSERT INTO EWF_LOG (ID, NAME, QUERY_TYPE, QUERY_TEXT) VALUES (174, '1521061939906-4077300182247', 'UPDATE', 'UPDATE ewf_comp_content SET ID_EWF_COMP = 29 WHERE id = 35');
INSERT INTO EWF_LOG (ID, NAME, QUERY_TYPE, QUERY_TEXT) VALUES (175, '1521061951020-4088413495467', 'UPDATE', 'UPDATE ewf_comp_content SET ID_EWF_COMP = 29 WHERE id = 36');
INSERT INTO EWF_LOG (ID, NAME, QUERY_TYPE, QUERY_TEXT) VALUES (176, '1521061964501-4101894831218', 'UPDATE', 'UPDATE ewf_comp_content SET ID_EWF_ELEM__2 = 1 WHERE id = 35');
INSERT INTO EWF_LOG (ID, NAME, QUERY_TYPE, QUERY_TEXT) VALUES (177, '1521061970086-4107479522478', 'UPDATE', 'UPDATE ewf_comp_content SET ORDINAL = 1 WHERE id = 35');
INSERT INTO EWF_LOG (ID, NAME, QUERY_TYPE, QUERY_TEXT) VALUES (178, '1521061976439-4113833204322', 'UPDATE', 'UPDATE ewf_comp_content SET ORDINAL = 2 WHERE id = 36');
INSERT INTO EWF_LOG (ID, NAME, QUERY_TYPE, QUERY_TEXT) VALUES (179, '1521061989873-4127266344753', 'UPDATE', 'UPDATE ewf_comp_content SET ID_EWF_ELEM__2 = 16 WHERE id = 36');
INSERT INTO EWF_LOG (ID, NAME, QUERY_TYPE, QUERY_TEXT) VALUES (180, '1521062020703-4158096374859', 'INSERT', 'INSERT INTO t1 (name) VALUES ('???')');
INSERT INTO EWF_LOG (ID, NAME, QUERY_TYPE, QUERY_TEXT) VALUES (181, '1521062025862-4163255855056', 'UPDATE', 'UPDATE t1 SET  WHERE id = 1');
INSERT INTO EWF_LOG (ID, NAME, QUERY_TYPE, QUERY_TEXT) VALUES (182, '1521062724055-4861448936324', 'DELETE', 'DELETE FROM t1 WHERE id = 1');
INSERT INTO EWF_LOG (ID, NAME, QUERY_TYPE, QUERY_TEXT) VALUES (183, '1521062733133-4870526600150', 'INSERT', 'INSERT INTO t1 (name) VALUES ('???')');
INSERT INTO EWF_LOG (ID, NAME, QUERY_TYPE, QUERY_TEXT) VALUES (184, '1521062865945-5003339097213', 'UPDATE', 'UPDATE t1 SET  WHERE id = 2');
INSERT INTO EWF_LOG (ID, NAME, QUERY_TYPE, QUERY_TEXT) VALUES (185, '1521064644085-6781478738768', 'UPDATE', 'UPDATE t1 SET TEXT = '54554' WHERE id = 2');
INSERT INTO EWF_LOG (ID, NAME, QUERY_TYPE, QUERY_TEXT) VALUES (186, '1521064673631-6811024781141', 'DELETE', 'DELETE FROM t1 WHERE id = 2');
INSERT INTO EWF_LOG (ID, NAME, QUERY_TYPE, QUERY_TEXT) VALUES (187, '1521064675167-6812560251919', 'INSERT', 'INSERT INTO t1 (name) VALUES ('???')');
INSERT INTO EWF_LOG (ID, NAME, QUERY_TYPE, QUERY_TEXT) VALUES (188, '1521064678315-6815708428800', 'UPDATE', 'UPDATE t1 SET TEXT = '54455' WHERE id = 3');
INSERT INTO EWF_LOG (ID, NAME, QUERY_TYPE, QUERY_TEXT) VALUES (189, '1521064680099-6817492365199', 'UPDATE', 'UPDATE t1 SET TEXT = '54455', NAME = '???54654' WHERE id = 3');
INSERT INTO EWF_LOG (ID, NAME, QUERY_TYPE, QUERY_TEXT) VALUES (190, '1521064682571-6819964295736', 'UPDATE', 'UPDATE t1 SET TEXT = '54455', NAME = 'sajafñlskj' WHERE id = 3');
INSERT INTO EWF_LOG (ID, NAME, QUERY_TYPE, QUERY_TEXT) VALUES (191, '1521064686503-6823896632807', 'INSERT', 'INSERT INTO t1 (name) VALUES ('???')');
INSERT INTO EWF_LOG (ID, NAME, QUERY_TYPE, QUERY_TEXT) VALUES (192, '1521064688791-6826184472986', 'DELETE', 'DELETE FROM t1 WHERE id = 3');
INSERT INTO EWF_LOG (ID, NAME, QUERY_TYPE, QUERY_TEXT) VALUES (193, '1521064689879-6827272351998', 'DELETE', 'DELETE FROM t1 WHERE id = 4');
INSERT INTO EWF_LOG (ID, NAME, QUERY_TYPE, QUERY_TEXT) VALUES (194, '1521064692175-6829568575354', 'INSERT', 'INSERT INTO t1 (name) VALUES ('???')');
INSERT INTO EWF_LOG (ID, NAME, QUERY_TYPE, QUERY_TEXT) VALUES (195, '1521064696347-6833740593908', 'UPDATE', 'UPDATE t1 SET TEXT = 'oijoiuj' WHERE id = 5');
INSERT INTO EWF_LOG (ID, NAME, QUERY_TYPE, QUERY_TEXT) VALUES (196, '1521579186779-1384372419933', 'DELETE', 'DELETE FROM t1 WHERE id = 5');
INSERT INTO EWF_LOG (ID, NAME, QUERY_TYPE, QUERY_TEXT) VALUES (197, '1521579196385-1393978664509', 'INSERT', 'INSERT INTO t1 (name) VALUES ('???')');
INSERT INTO EWF_LOG (ID, NAME, QUERY_TYPE, QUERY_TEXT) VALUES (198, '1521579198775-1396368508870', 'UPDATE', 'UPDATE t1 SET TEXT = 'kijhkhkj' WHERE id = 6');
INSERT INTO EWF_LOG (ID, NAME, QUERY_TYPE, QUERY_TEXT) VALUES (199, '1526325044653-5282429724379', 'UPDATE', 'UPDATE ewf_page SET ID_EWF_APPL = 28 WHERE id = 8');
INSERT INTO EWF_LOG (ID, NAME, QUERY_TYPE, QUERY_TEXT) VALUES (200, '1526325061334-5299110646199', 'UPDATE', 'UPDATE ewf_page SET ID_EWF_APPL = 28 WHERE id = 7');
INSERT INTO EWF_LOG (ID, NAME, QUERY_TYPE, QUERY_TEXT) VALUES (201, '1526325064100-5301876161168', 'UPDATE', 'UPDATE ewf_page SET ID_EWF_APPL = 28 WHERE id = 6');
INSERT INTO EWF_LOG (ID, NAME, QUERY_TYPE, QUERY_TEXT) VALUES (202, '1526325066724-5304500374007', 'UPDATE', 'UPDATE ewf_page SET ID_EWF_APPL = 28 WHERE id = 5');
INSERT INTO EWF_LOG (ID, NAME, QUERY_TYPE, QUERY_TEXT) VALUES (203, '1526325069484-5307260412533', 'UPDATE', 'UPDATE ewf_page SET ID_EWF_APPL = 28 WHERE id = 4');
INSERT INTO EWF_LOG (ID, NAME, QUERY_TYPE, QUERY_TEXT) VALUES (204, '1526325071892-5309668474067', 'UPDATE', 'UPDATE ewf_page SET ID_EWF_APPL = 28 WHERE id = 3');
INSERT INTO EWF_LOG (ID, NAME, QUERY_TYPE, QUERY_TEXT) VALUES (205, '1526325074221-5311997555237', 'UPDATE', 'UPDATE ewf_page SET ID_EWF_APPL = 28 WHERE id = 2');
INSERT INTO EWF_LOG (ID, NAME, QUERY_TYPE, QUERY_TEXT) VALUES (206, '1526325076460-5314236705090', 'UPDATE', 'UPDATE ewf_page SET ID_EWF_APPL = 28 WHERE id = 1');
COMMIT;

INSERT INTO EWF_APPL (ID, NAME) VALUES (28, 'massaggi');
INSERT INTO EWF_APPL (ID, NAME) VALUES (29, 'ramona');
COMMIT;

INSERT INTO EWF_COMP (ID, NAME, CLASS_NAME_LAYOUT, STYLE_NAMES) VALUES (1, 'homeLayout', 'com.vaadin.ui.VerticalLayout', null);
INSERT INTO EWF_COMP (ID, NAME, CLASS_NAME_LAYOUT, STYLE_NAMES) VALUES (2, 'trattamentiLayout', 'com.vaadin.ui.VerticalLayout', null);
INSERT INTO EWF_COMP (ID, NAME, CLASS_NAME_LAYOUT, STYLE_NAMES) VALUES (3, 'chisonoLayout', 'com.vaadin.ui.VerticalLayout', null);
INSERT INTO EWF_COMP (ID, NAME, CLASS_NAME_LAYOUT, STYLE_NAMES) VALUES (4, 'blogLayout', 'com.vaadin.ui.VerticalLayout', null);
INSERT INTO EWF_COMP (ID, NAME, CLASS_NAME_LAYOUT, STYLE_NAMES) VALUES (5, 'contattiLayout', 'com.vaadin.ui.VerticalLayout', null);
INSERT INTO EWF_COMP (ID, NAME, CLASS_NAME_LAYOUT, STYLE_NAMES) VALUES (6, 'mappaLayout', 'com.vaadin.ui.VerticalLayout', null);
INSERT INTO EWF_COMP (ID, NAME, CLASS_NAME_LAYOUT, STYLE_NAMES) VALUES (7, 'saluteOlistica', 'com.vaadin.ui.VerticalLayout', 'ewfBackColorGreen,ewfBorderRadius25');
INSERT INTO EWF_COMP (ID, NAME, CLASS_NAME_LAYOUT, STYLE_NAMES) VALUES (9, 'titolo', 'com.vaadin.ui.CssLayout', 'ewfResponsiveTitle');
INSERT INTO EWF_COMP (ID, NAME, CLASS_NAME_LAYOUT, STYLE_NAMES) VALUES (10, 'sottotitolo', 'com.vaadin.ui.CssLayout', 'ewfResponsiveSubtitle');
INSERT INTO EWF_COMP (ID, NAME, CLASS_NAME_LAYOUT, STYLE_NAMES) VALUES (11, 'testoEImmagine', 'com.vaadin.ui.CssLayout', 'ewfFlexWrap,ewfBorderRadius25');
INSERT INTO EWF_COMP (ID, NAME, CLASS_NAME_LAYOUT, STYLE_NAMES) VALUES (12, 'benesserePsicofisico', 'com.vaadin.ui.VerticalLayout', 'ewfBackColorGreen');
INSERT INTO EWF_COMP (ID, NAME, CLASS_NAME_LAYOUT, STYLE_NAMES) VALUES (13, 'sportivo', 'com.vaadin.ui.VerticalLayout', 'ewfBackColorGreen');
INSERT INTO EWF_COMP (ID, NAME, CLASS_NAME_LAYOUT, STYLE_NAMES) VALUES (14, 'svedese', 'com.vaadin.ui.VerticalLayout', 'ewfBackColorGreen');
INSERT INTO EWF_COMP (ID, NAME, CLASS_NAME_LAYOUT, STYLE_NAMES) VALUES (15, 'custom', 'com.vaadin.ui.VerticalLayout', 'ewfBackColorGreen');
INSERT INTO EWF_COMP (ID, NAME, CLASS_NAME_LAYOUT, STYLE_NAMES) VALUES (28, 'dml', 'com.vaadin.ui.VerticalLayout', null);
INSERT INTO EWF_COMP (ID, NAME, CLASS_NAME_LAYOUT, STYLE_NAMES) VALUES (29, 't1', 'com.vaadin.ui.VerticalLayout', null);
COMMIT;

INSERT INTO EWF_PAGE (ID, NAME, DESCRIPTION, ID_EWF_COMP, ID_EWF_APPL) VALUES (1, 'home', 'Home', 1, 28);
INSERT INTO EWF_PAGE (ID, NAME, DESCRIPTION, ID_EWF_COMP, ID_EWF_APPL) VALUES (2, 'trattamenti', 'Trattamenti', 2, 28);
INSERT INTO EWF_PAGE (ID, NAME, DESCRIPTION, ID_EWF_COMP, ID_EWF_APPL) VALUES (3, 'comp', 'Comp', 3, 28);
INSERT INTO EWF_PAGE (ID, NAME, DESCRIPTION, ID_EWF_COMP, ID_EWF_APPL) VALUES (4, 'page', 'Page', 4, 28);
INSERT INTO EWF_PAGE (ID, NAME, DESCRIPTION, ID_EWF_COMP, ID_EWF_APPL) VALUES (5, 'elem', 'Elem', 5, 28);
INSERT INTO EWF_PAGE (ID, NAME, DESCRIPTION, ID_EWF_COMP, ID_EWF_APPL) VALUES (6, 'content', 'Content', 6, 28);
INSERT INTO EWF_PAGE (ID, NAME, DESCRIPTION, ID_EWF_COMP, ID_EWF_APPL) VALUES (7, 'dml', 'DML', 28, 28);
INSERT INTO EWF_PAGE (ID, NAME, DESCRIPTION, ID_EWF_COMP, ID_EWF_APPL) VALUES (8, 't1', 'T1', 29, 28);
COMMIT;

INSERT INTO EWF_ELEM (ID, NAME, COMPONENT_CLASS_NAME, TEXT, FILE_NAME, ELEM_CUSTOM_CLASS_NAME, STYLE_NAMES, QUERY_SELECT, QUERY_TABLE) VALUES (1, 'menu', null, null, null, 'com.softwarelma.ewf.client.elem.EwfElemCustomMenuResponsive', null, null, null);
INSERT INTO EWF_ELEM (ID, NAME, COMPONENT_CLASS_NAME, TEXT, FILE_NAME, ELEM_CUSTOM_CLASS_NAME, STYLE_NAMES, QUERY_SELECT, QUERY_TABLE) VALUES (2, 'gridComp', 'com.vaadin.ui.Grid', null, null, null, null, 'SELECT * FROM ewf.ewf_comp order by id desc', 'ewf_comp');
INSERT INTO EWF_ELEM (ID, NAME, COMPONENT_CLASS_NAME, TEXT, FILE_NAME, ELEM_CUSTOM_CLASS_NAME, STYLE_NAMES, QUERY_SELECT, QUERY_TABLE) VALUES (3, 'gridPage', 'com.vaadin.ui.Grid', null, null, null, null, 'SELECT * FROM ewf.ewf_page order by id desc', 'ewf_page');
INSERT INTO EWF_ELEM (ID, NAME, COMPONENT_CLASS_NAME, TEXT, FILE_NAME, ELEM_CUSTOM_CLASS_NAME, STYLE_NAMES, QUERY_SELECT, QUERY_TABLE) VALUES (4, 'gridElem', 'com.vaadin.ui.Grid', null, null, null, null, 'SELECT * FROM ewf.ewf_elem order by id desc', 'ewf_elem');
INSERT INTO EWF_ELEM (ID, NAME, COMPONENT_CLASS_NAME, TEXT, FILE_NAME, ELEM_CUSTOM_CLASS_NAME, STYLE_NAMES, QUERY_SELECT, QUERY_TABLE) VALUES (5, 'gridCompContent', 'com.vaadin.ui.Grid', null, null, null, null, 'SELECT * FROM ewf.ewf_comp_content order by id_ewf_comp desc, ordinal desc', 'ewf_comp_content');
INSERT INTO EWF_ELEM (ID, NAME, COMPONENT_CLASS_NAME, TEXT, FILE_NAME, ELEM_CUSTOM_CLASS_NAME, STYLE_NAMES, QUERY_SELECT, QUERY_TABLE) VALUES (6, 'saluteOlisticaLabel1', 'com.vaadin.ui.Label', 'Titolo ksad lskjfownvo slnfow ---', null, null, 'ewfFontTitle', null, null);
INSERT INTO EWF_ELEM (ID, NAME, COMPONENT_CLASS_NAME, TEXT, FILE_NAME, ELEM_CUSTOM_CLASS_NAME, STYLE_NAMES, QUERY_SELECT, QUERY_TABLE) VALUES (8, 'saluteOlisticaLabel2', 'com.vaadin.ui.Label', 'Sottotitolo slkfjslfjowinvom fiwjf wo fwif aljfoffn af owifhwoi ---', null, null, 'ewfFontSubtitle', null, null);
INSERT INTO EWF_ELEM (ID, NAME, COMPONENT_CLASS_NAME, TEXT, FILE_NAME, ELEM_CUSTOM_CLASS_NAME, STYLE_NAMES, QUERY_SELECT, QUERY_TABLE) VALUES (9, 'testo', 'com.vaadin.ui.Label', '&nbsp;&nbsp;&nbsp;&nbsp;&nbsp;&nbsp;&nbsp;Intro slf slfj slfjslk  jlsjwonlsoiw  lsj flsaj fsljf lsj fsljf lska jfsljf as jfñasljpfoiqjhp9hgpqpuiga hFH AH A HFOAIF JHUIQPHPFA  ñafjasñoifjw lksj fslkfj op jalfj alfj alfj afioqjfoiwjhfowi flf alj. <br>&nbsp;&nbsp;&nbsp;&nbsp;&nbsp;&nbsp;&nbsp;Svil  slf slfj slfjslk  jlsjwonlsoiw  lsj flsaj fsljf lsj fsljf lska jfsljf as jfñasljpfoiqjhp9hgpqpuiga hFH AH A HFOAIF JHUIQPHPFA  ñafjasñoifjw lksj fslkfj op jalfj alfj alfj afioqjfoiwjhfowi flf alj. <br>&nbsp;&nbsp;&nbsp;&nbsp;&nbsp;&nbsp;&nbsp;Fine  slf slfj slfjslk  jlsjwonlsoiw  lsj flsaj fsljf lsj fsljf lska jfsljf as jfñasljpfoiqjhp9hgpqpuiga hFH AH A HFOAIF JHUIQPHPFA  ñafjasñoifjw lksj fslkfj op jalfj alfj alfj afioqjfoiwjhfowi flf alj.', null, null, 'ewfItembox', null, null);
INSERT INTO EWF_ELEM (ID, NAME, COMPONENT_CLASS_NAME, TEXT, FILE_NAME, ELEM_CUSTOM_CLASS_NAME, STYLE_NAMES, QUERY_SELECT, QUERY_TABLE) VALUES (10, 'immagine', null, null, 'robot.jpeg', 'com.softwarelma.ewf.client.elem.EwfElemCustomImage', 'ewfItembox,ewfBorderRadius25', null, null);
INSERT INTO EWF_ELEM (ID, NAME, COMPONENT_CLASS_NAME, TEXT, FILE_NAME, ELEM_CUSTOM_CLASS_NAME, STYLE_NAMES, QUERY_SELECT, QUERY_TABLE) VALUES (11, 'benesserePsicofisicoLabel', 'com.vaadin.ui.Label', 'benesserePsicofisicoLabel', null, null, null, null, null);
INSERT INTO EWF_ELEM (ID, NAME, COMPONENT_CLASS_NAME, TEXT, FILE_NAME, ELEM_CUSTOM_CLASS_NAME, STYLE_NAMES, QUERY_SELECT, QUERY_TABLE) VALUES (12, 'sportivoLabel', 'com.vaadin.ui.Label', 'sportivoLabel', null, null, null, null, null);
INSERT INTO EWF_ELEM (ID, NAME, COMPONENT_CLASS_NAME, TEXT, FILE_NAME, ELEM_CUSTOM_CLASS_NAME, STYLE_NAMES, QUERY_SELECT, QUERY_TABLE) VALUES (13, 'svedeseLabel', 'com.vaadin.ui.Label', 'svedeseLabel', null, null, null, null, null);
INSERT INTO EWF_ELEM (ID, NAME, COMPONENT_CLASS_NAME, TEXT, FILE_NAME, ELEM_CUSTOM_CLASS_NAME, STYLE_NAMES, QUERY_SELECT, QUERY_TABLE) VALUES (14, 'customLabel', 'com.vaadin.ui.Label', 'customLabel', null, null, null, null, null);
INSERT INTO EWF_ELEM (ID, NAME, COMPONENT_CLASS_NAME, TEXT, FILE_NAME, ELEM_CUSTOM_CLASS_NAME, STYLE_NAMES, QUERY_SELECT, QUERY_TABLE) VALUES (15, 'gridDml', 'com.vaadin.ui.Grid', null, null, null, null, 'SELECT * FROM ewf.ewf_log order by id desc', 'ewf_log');
INSERT INTO EWF_ELEM (ID, NAME, COMPONENT_CLASS_NAME, TEXT, FILE_NAME, ELEM_CUSTOM_CLASS_NAME, STYLE_NAMES, QUERY_SELECT, QUERY_TABLE) VALUES (16, 't1', 'com.vaadin.ui.Grid', null, null, null, null, 'SELECT * FROM ewf.t1 order by id desc', 't1');
COMMIT;

INSERT INTO EWF_COMP_CONTENT (ID, NAME, ID_EWF_COMP, ID_EWF_COMP__2, ID_EWF_ELEM__2, ORDINAL) VALUES (1, 'home-salute', 1, 7, null, 2);
INSERT INTO EWF_COMP_CONTENT (ID, NAME, ID_EWF_COMP, ID_EWF_COMP__2, ID_EWF_ELEM__2, ORDINAL) VALUES (2, 'home-benessere', 1, 12, null, 3);
INSERT INTO EWF_COMP_CONTENT (ID, NAME, ID_EWF_COMP, ID_EWF_COMP__2, ID_EWF_ELEM__2, ORDINAL) VALUES (4, 'trattamenti-sportivo', 2, 13, null, 2);
INSERT INTO EWF_COMP_CONTENT (ID, NAME, ID_EWF_COMP, ID_EWF_COMP__2, ID_EWF_ELEM__2, ORDINAL) VALUES (5, 'trattamenti-svedese', 2, 14, null, 3);
INSERT INTO EWF_COMP_CONTENT (ID, NAME, ID_EWF_COMP, ID_EWF_COMP__2, ID_EWF_ELEM__2, ORDINAL) VALUES (6, 'trattamenti-custom', 2, 15, null, 4);
INSERT INTO EWF_COMP_CONTENT (ID, NAME, ID_EWF_COMP, ID_EWF_COMP__2, ID_EWF_ELEM__2, ORDINAL) VALUES (7, 'chisono-chisono', 3, null, 2, 2);
INSERT INTO EWF_COMP_CONTENT (ID, NAME, ID_EWF_COMP, ID_EWF_COMP__2, ID_EWF_ELEM__2, ORDINAL) VALUES (8, 'blog-blog', 4, null, 3, 2);
INSERT INTO EWF_COMP_CONTENT (ID, NAME, ID_EWF_COMP, ID_EWF_COMP__2, ID_EWF_ELEM__2, ORDINAL) VALUES (9, 'contatti-contatti', 5, null, 4, 2);
INSERT INTO EWF_COMP_CONTENT (ID, NAME, ID_EWF_COMP, ID_EWF_COMP__2, ID_EWF_ELEM__2, ORDINAL) VALUES (10, 'mappa-mappa', 6, null, 5, 2);
INSERT INTO EWF_COMP_CONTENT (ID, NAME, ID_EWF_COMP, ID_EWF_COMP__2, ID_EWF_ELEM__2, ORDINAL) VALUES (11, 'saluteOlistica-titolo', 7, 9, null, 1);
INSERT INTO EWF_COMP_CONTENT (ID, NAME, ID_EWF_COMP, ID_EWF_COMP__2, ID_EWF_ELEM__2, ORDINAL) VALUES (12, 'saluteOlistica-sottotitolo', 7, 10, null, 2);
INSERT INTO EWF_COMP_CONTENT (ID, NAME, ID_EWF_COMP, ID_EWF_COMP__2, ID_EWF_ELEM__2, ORDINAL) VALUES (13, 'saluteOlistica-testoEImmagine', 7, 11, null, 3);
INSERT INTO EWF_COMP_CONTENT (ID, NAME, ID_EWF_COMP, ID_EWF_COMP__2, ID_EWF_ELEM__2, ORDINAL) VALUES (18, 'saluteOlisticaInterno1-saluteOlisticaLabel1', 9, null, 6, 1);
INSERT INTO EWF_COMP_CONTENT (ID, NAME, ID_EWF_COMP, ID_EWF_COMP__2, ID_EWF_ELEM__2, ORDINAL) VALUES (19, 'saluteOlisticaInterno2-saluteOlisticaLabel2', 10, null, 8, 1);
INSERT INTO EWF_COMP_CONTENT (ID, NAME, ID_EWF_COMP, ID_EWF_COMP__2, ID_EWF_ELEM__2, ORDINAL) VALUES (20, 'testoEImmagine-testo', 11, null, 9, 1);
INSERT INTO EWF_COMP_CONTENT (ID, NAME, ID_EWF_COMP, ID_EWF_COMP__2, ID_EWF_ELEM__2, ORDINAL) VALUES (21, 'testoEImmagine-immagine', 11, null, 10, 2);
INSERT INTO EWF_COMP_CONTENT (ID, NAME, ID_EWF_COMP, ID_EWF_COMP__2, ID_EWF_ELEM__2, ORDINAL) VALUES (23, 'benesserePsicofisico-benesserePsicofisicoLabel', 12, null, 11, 1);
INSERT INTO EWF_COMP_CONTENT (ID, NAME, ID_EWF_COMP, ID_EWF_COMP__2, ID_EWF_ELEM__2, ORDINAL) VALUES (24, 'sportivo-sportivoLabel', 13, null, 12, 1);
INSERT INTO EWF_COMP_CONTENT (ID, NAME, ID_EWF_COMP, ID_EWF_COMP__2, ID_EWF_ELEM__2, ORDINAL) VALUES (25, 'svedese-svedeseLabel', 14, null, 13, 1);
INSERT INTO EWF_COMP_CONTENT (ID, NAME, ID_EWF_COMP, ID_EWF_COMP__2, ID_EWF_ELEM__2, ORDINAL) VALUES (26, 'custom-customLabel', 15, null, 14, 1);
INSERT INTO EWF_COMP_CONTENT (ID, NAME, ID_EWF_COMP, ID_EWF_COMP__2, ID_EWF_ELEM__2, ORDINAL) VALUES (27, 'home-menu', 1, null, 1, 1);
INSERT INTO EWF_COMP_CONTENT (ID, NAME, ID_EWF_COMP, ID_EWF_COMP__2, ID_EWF_ELEM__2, ORDINAL) VALUES (28, 'trattamenti-menu', 2, null, 1, 1);
INSERT INTO EWF_COMP_CONTENT (ID, NAME, ID_EWF_COMP, ID_EWF_COMP__2, ID_EWF_ELEM__2, ORDINAL) VALUES (29, 'chisono-menu', 3, null, 1, 1);
INSERT INTO EWF_COMP_CONTENT (ID, NAME, ID_EWF_COMP, ID_EWF_COMP__2, ID_EWF_ELEM__2, ORDINAL) VALUES (30, 'blog-menu', 4, null, 1, 1);
INSERT INTO EWF_COMP_CONTENT (ID, NAME, ID_EWF_COMP, ID_EWF_COMP__2, ID_EWF_ELEM__2, ORDINAL) VALUES (31, 'contatti-menu', 5, null, 1, 1);
INSERT INTO EWF_COMP_CONTENT (ID, NAME, ID_EWF_COMP, ID_EWF_COMP__2, ID_EWF_ELEM__2, ORDINAL) VALUES (32, 'mappa-menu', 6, null, 1, 1);
INSERT INTO EWF_COMP_CONTENT (ID, NAME, ID_EWF_COMP, ID_EWF_COMP__2, ID_EWF_ELEM__2, ORDINAL) VALUES (33, 'dml-menu', 28, null, 1, 1);
INSERT INTO EWF_COMP_CONTENT (ID, NAME, ID_EWF_COMP, ID_EWF_COMP__2, ID_EWF_ELEM__2, ORDINAL) VALUES (34, 'dml-grid', 28, null, 15, 2);
INSERT INTO EWF_COMP_CONTENT (ID, NAME, ID_EWF_COMP, ID_EWF_COMP__2, ID_EWF_ELEM__2, ORDINAL) VALUES (35, 't1-menu', 29, null, 1, 1);
INSERT INTO EWF_COMP_CONTENT (ID, NAME, ID_EWF_COMP, ID_EWF_COMP__2, ID_EWF_ELEM__2, ORDINAL) VALUES (36, 't1-grid', 29, null, 16, 2);
COMMIT;

